title,price,asin
"Red-Headed Stepchild (Sabina Kane, Book 1)",7.8525,0316037761
Conservative Comebacks to Liberal Lies: Issue by Issue Responses to the Most Common Claims of the Left from A to Z,12.147241379310346,0977227901
Jordyn and the Caverns of Gloom: A Daemon Hunter Novel book 2,12.288,1491291125
Hello Kitty Must Die,6.688571428571429,1935562029
Song of the Summer King,14.10421052631579,0985805803
Lake Caerwych,6.66,061554228X
The Tombs: A Fargo Adventure (A Sam and Remi Fargo Adventure),38.985151515151514,0399159266
Love's A Bitch (LSDV Productions),3.628181818181818,B00H0BVTVG
Night Prey,7.4925,0821736612
Return to Sullivan's Island (Lowcountry Tales),9.2253125,0061438456
Race With the Devil: My Journey from Racial Hatred to Rational Love,12.541333333333332,161890065X
"Reunited for the Holidays (Love Inspired, Texas Twins)",5.431363636363637,037387782X
"Rest Not in Peace (Chronicles of Hugh de Singleton, Surgeon)",10.557586206896552,1782640088
The Journals of Kara and Jason,2.414230769230769,B00BP9GRCK
Miss Pettigrew Lives for a Day (Persephone Classics),9.563793103448276,190646202X
7: An Experimental Mutiny Against Excess,12.355,1433672960
The Pirate Hunter: The True Story of Captain Kidd,19.751153846153848,0786865334
Survivors: True Stories of Children in the Holocaust,8.329666666666666,0439669960
Infinite Devotion: Second Book of the Infinite Series (Volume 2),9.745909090909091,0983911126
Shattered,4.99,B00DEJ9500
July 1914: Countdown to War,13.3475,0465031455
Blood and Sand: An Elemental World Novel (Volume 2),8.473548387096775,1489523413
Magic Academy: A Fantasy New Adult Romance,9.99,1494266741
104 Puzzle Quizzes (Interactive Puzzlebook for E-readers),1.8947619047619046,B009THFEVA
"How to Buy, Sell, and Profit on eBay: Kick-Start Your Home-Based Business in Just Thirty Days",13.048620689655172,006076287X
White Witch: The Coven Series (Volume 1),5.214285714285714,1611940834
Field of Blood,90.20736842105264,031615458X
The Total Gun Manual (Field & Stream): 335 Essential Shooting Skills,14.997391304347826,1616282193
Living with Purpose in a Worn-Out Body: Spiritual Encouragement for Older Adults,9.343793103448276,083589942X
Handcrafted Wire Findings: Techniques and Designs for Custom Jewelry Components,15.2556,1596682833
The Transformation of Bartholomew Fortuno: A Novel,8.628571428571428,0805091920
"Rumors (Luxe, Book 2)",7.000322580645161,0061345717
Homeostasis Lost,3.3649999999999998,B00DCCRFGU
My Life in Middlemarch,13.167916666666667,0307984761
A Voyage to Arcturus,12.01235294117647,034503208X
Hot Quit,10.845714285714285,1612186890
Inseparable (Madaris Family Saga),6.265806451612903,0373534434
Diego: Bigger Than Life,14.021176470588236,0761453830
The Lucky One,7.917428571428571,0446579939
Life Blood,1.668,B0042X9AIO
Wealth and Power: China's Long March to the Twenty-first Century,16.622916666666665,0679643478
Crashers,10.2364,0312599889
Time for Bed,8.083333333333334,0152010661
My Dear Sophy,8.99,0985853719
Dumped in Oz (Tales from Kansas Book 1),4.259615384615385,B00HV6MSEW
Ladybug Girl and Bumblebee Boy,11.778333333333332,0803733399
"The Bayou Trilogy: Under the Bright Lights, Muscle for the Wing, and The Ones You Do",8.894838709677419,0316133655
The Immense Journey: An Imaginative Naturalist Explores the Mysteries of Man and Nature,20.119583333333335,0394701577
Diamond Dogs: A Novel,17.362,0316925810
The Tea House on Mulberry Street,10.027407407407408,0399152652
Minimalism: Live a Meaningful Life,9.738333333333333,0615648223
Zoology 1: Flying Creatures of the Fifth Day (Young Explorer (Apologia Educational Ministries)),25.013333333333335,1932012613
Games of the Heart (The 'Burg Series Book 4),5.026071428571429,B007KYH3P4
Don't Fight With the Garden Hose and Other Lessons I've Learned Along the Way,7,0982874235
Aretha: From These Roots,11.02,0375407960
Why Globalization Works,16.5995,0300102526
The Adobe Photoshop CS4 Book for Digital Photographers,20.134137931034484,0321580095
The Attributes of God,9.804,0801067723
The Future of Management,19.631333333333334,1422102505
An Infinity of Little Hours: Five Young Men and Their Trial of Faith in the Western World's Most Austere Monastic Order,18.336315789473684,1586483277
If on a Winter's Night a Traveler,11.19,0156439611
The Battle of the Crater: A Novel,9.368333333333334,0312607105
The Night Gardener,7.116333333333333,0316156507
Kushiel's Scion (Kushiel's Legacy),11.831875,044650002X
Heart and Soul,11.49735294117647,030726579X
"1,001 ASVAB Practice Questions For Dummies (+ Free Online Practice)",23.384545454545453,1118646312
BATHSHEBA Bathed in Grace: How 8 Scandalous Women Changed the World,13.112857142857143,1449772668
"Yes Sister, No Sister: My Life as a Trainee Nurse in 1950s Yorkshire",17.834666666666667,0091937957
"Heart of Evil (Krewe of Hunters, Book 2)",7.413333333333333,0778329984
Wool Pets: Making 20 Figures with Wool Roving and a Barbed Needle,12.591176470588236,1589233859
Permanent Record,8.26909090909091,1477816399
Renegade Reject (Renegade Sons MC Book 2),2.6446153846153844,B00K9QUXAC
Created to be His Help Meet: Discover How God Can Make Your Marriage Glorious,11.864516129032259,1892112604
Shoot to Thrill,7.9521875,0399155201
Pocketful of Posies: A Treasury of Nursery Rhymes,14.528333333333334,0618737405
Vampire Mine (Love at Stake),6.7965625,0061958042
Voice of Conscience,21.72,1432706284
Christmas Bells: Book Three in The Seasons of Cherryvale (Volume 3),4.55,0615690173
101 Essential Tips: Bonsai,10.89225806451613,0789410753
Goldilicious (Pinkalicious),10.106,0061244082
Trapped,3.1104,B00LKRDIUG
The Guardian (The O'Malley Series #2),9.018064516129032,1414310579
"The Years of Extermination: Nazi Germany and the Jews, 1939-1945",32.656571428571425,0060190434
Marshal Sam Callapp (Marshal Sam Callapp Series Book 1),2.6983333333333333,B009621GIS
The Gladiator's Master,4.122173913043478,B005GFAIDI
Star Wars: Allegiance,9.771935483870967,0345477383
Three Day Road,12.991290322580646,0143037072
"Complete Green Letters, The",11.129285714285714,0310330513
The Force Unleashed (Star Wars),9.0865625,0345499026
Eight Million Ways to Die (Matthew Scudder Mysteries),12.6365,0061457965
Skyward,8.717777777777778,0778322068
Pitbulls In A Skirt 2 (The Cartel Publications Presents),12.4488,0979493196
Hallowed,4.39,B009KN8BY0
Mission at Nuremberg: An American Army Chaplain and the Trial of the Nazis,15.055416666666666,0061997196
In the Shadow of Babylon,7.33,146110713X
Nekropolis: A Matt Richter Novel (The Nekropolis Archives),9.167,0857660136
Higgs: The Invention and Discovery of the 'God Particle',14.520357142857144,0199603499
"Nail Your Novel: Why Writers Abandon Books and How You Can Draft, Fix and Finish With Confidence",9.611290322580645,146108136X
The Girl Who Came Home: A Novel of the Titanic (P.S.),10.130967741935484,0062316869
"Switch On Your Brain: The Key to Peak Happiness, Thinking, and Health",11.633846153846154,0801015707
The Mask of Atreus,4.4925,042520913X
Living Beautifully: with Uncertainty and Change,13.364666666666666,1590309634
Unnatural Habits (Phryne Fisher Mysteries),10.162083333333333,1464201234
Red Velvet Cupcake Murder (A Hannah Swensen Mystery),10.02483870967742,0758280343
Shadow of the Giant (The Shadow Series),20.21107142857143,0312857586
The Glass Castle,12.521470588235294,0739458213
Lonely Planet Peru,15.309473684210527,0864427107
If Only We Knew (My Best Friend Book 3),3.7517391304347827,B009BII0XQ
"The Housewife Assassin's Handbook (Housewife Assassin Series, Book 1)",4.360714285714286,B0050PJZLK
"Almost an Angel (The Regency Rags to Riches Series, Book 3)",4.263076923076923,B009M5RNYU
XO: A Kathryn Dance Novel,8.984848484848484,1439156379
The Dawning of Power,21.99,0981871402
Two Lethal Lies,5.7475,0446178454
The Sexual Life of Catherine M.,9.215357142857144,0802117163
The Other Story: A Novel,7.587586206896551,1250045134
When Snow Falls (Whiskey Creek),7.867272727272727,0778313719
Courageous: A Novel,9.8224,1414358466
The Hearing (Dismas Hardy),7.776451612903226,0451204891
Daily Scripture Reading and Meditation: 31 Bible Verses About Faith - To Keep You Overcoming! (31 Days Daily Devotional Book 2),3.0166666666666666,B007HAWNYW
The Way to Wealth (Little Books of Wisdom),7.245454545454545,0918222885
The Janissary Tree: A Novel (Investigator Yashim),10.6671875,0312426135
VOICES (The David Chance Series Book 2),3.155,B00BCMLK36
Don't Miss the Boat: Facts to Keep Your Faith Afloat,8.11,0890517215
Unwind (Unwind Dystology),10.176666666666666,1416912045
Eisenhower: The White House Years,10.4708,038552353X
Enza,8.99,147018964X
Six pound nineteen per witching hour: Paranormal Personnel Saga #1,7.591,1484146360
Female Nomad and Friends: Tales of Breaking Free and Breaking Bread Around the World,9.921724137931035,0307588017
The Vigilantes (Badge Of Honor),8.637500000000001,0399156631
The 13th Juror (Dismas Hardy),8.273684210526316,0440220793
How to Find Low Competition Long Tail Keywords Using Free Tools (Online Business Ideas & Internet Marketing Tips fo Book 3),5.656666666666666,B00C51AB24
"Report of Col. Joshua L. Chamberlain, Twentieth Maine Infantry.",0.99,B004PYDI4M
All the Places to Love,8.607241379310345,0060210982
The Italian Baker,22.766206896551722,0061812668
A Mermaid's Kiss (Berkley Sensation),11.389999999999999,0425223809
Love's Autograph,6.313529411764706,B00JI4FVVM
Vaempires: Revolution: The Evolutionary War,6.963333333333334,1466398647
"
                
                    
                    
                

                
                    
                    
                        Alaska: A Novel
                    
                

                
                    
                    
                
            ",11.248888888888889,037576142X
Irresistible Forces,11.275714285714287,0385319606
The Journey: The Blaine Family Chronicles Vol 1,4.09,B00GBJD4QQ
Imager's Challenge: The Second Book of the Imager Portfolio,12.641666666666667,0765321262
"I Loved, I Lost, I Made Spaghetti",7.896923076923077,0446534420
Bodyguard of Lies (The Cellar Book 1),4.4367857142857146,B003AYEP4A
Monster Planet: A Zombie Novel,9.3676,1560258675
Murder in Little Egypt,27.31235294117647,0786710950
Nightstalkers (Area 51: The Nightstalkers),8.313225806451612,1612185835
"The Adventures of Ook and Gluk, Kung-Fu Cavemen from the Future (Captain Underpants)",6.563666666666666,0545175305
The Columbus Affair: A Novel,9.78375,0345526511
Where Good Ideas Come From: The Natural History of Innovation,11.25,1594485380
"The Willpower Instinct: How Self-Control Works, Why It Matters, and What You Can Do to Get More of It (Your Coach in a Box)",21.4424,1469000431
"Green Lantern: The Sinestro Corps War, Vol. 2",24.90041666666667,1401218008
The Stone Prince,13.371578947368421,0373770073
Finding Your Way in a Wild New World: Reclaim Your True Nature to Create the Life You Want,13.9646875,1451624484
The Princess and the Hound,4.668181818181818,006113189X
Perilous,11.296666666666667,0979607086
What Happened To Polly (The Hamilton Sisters Book 1),3.836923076923077,B006OU2NNM
Broken Hearted Ghoul (Taxi for the Dead Paranormal Mysteries) (Volume 1),7.516363636363637,1495933369
"30 Days to Better Thinking and Better Living Through Critical Thinking: A Guide for Improving Every Aspect of Your Life, Revised and Expanded",25.208928571428572,0133092569
WBI: Witches Bureau Of Investigation (WBI Series Book 1),3.4146153846153844,B008UI4UXM
"I, Iago: A Novel",11.676363636363636,0062026879
The Key,6.9571875,084394482X
The Medium Next Door: Adventures of a Real-Life Ghost Whisperer,10.941071428571428,075731564X
"The Reptile Room: Or, Murder! (A Series of Unfortunate Events, Book 2)",11.665000000000001,0061146315
Debunking 9/11 Myths: Why Conspiracy Theories Can't Stand Up to the Facts,15.340454545454545,158816635X
Topaz Heat: The Jewel Series (Volume 3),62.24333333333333,0615644295
Zeroville,11.7852,1933372397
The Plot Thickens: 8 Ways to Bring Fiction to Life,14.39857142857143,0312284675
"Bittersweet: Thoughts on Change, Grace, and Learning the Hard Way",10.3196875,0310328160
Mad Science Institute,8.2425,0984850708
"Bitten: Book One of the ""Bitten"" Vampire Series (Bitten Vampire Series 1)",2.94875,B005J5CZBS
The Queen of the South,11.3936,0330413147
"Taste Buds and Molecules: The Art and Science of Food, Wine, and Flavor",19.595185185185183,1118141849
Build a Smokehouse: Storey Country Wisdom Bulletin A-81,8.632962962962964,0882662953
Trinity: A Brethren Novel,4,1613330685
Becoming a Contagious Christian,11.320625,0310210089
The Tsar's Dwarf,7.976666666666667,0979018803
Mistaken Identities,7.5025,1495264475
Tame Me,10.6068,1940887038
Born on a Rotten Day,14.998620689655173,0743225627
"The Wedding Dress (Four Weddings and a Fiasco, Book 4)",3.6577777777777776,B009RRNRXO
"Mocha, Moonlight, and Murder (Under the Moonlight)",8.172,1620151405
Upstate,9.109375,0312332688
Once in Every Generation,12.158000000000001,1604940255
Our Lady of Kibeho: Mary Speaks to the World from the Heart of Africa,13.16,140192378X
Already Home (Sons of Chance Series),3.7726086956521736,B007H90BJM
Andrew Carnegie,12.11625,0143112449
Slade (Tales of the Were),11.989230769230769,1483967581
The Blue Enchantress (Charles Towne Belles),11.273333333333333,1602601577
The Thing Around Your Neck,14.629583333333333,0307271072
Bran Hambric: The Farfield Curse,6.791250000000001,1402218575
Lost In Time (A Blue Bloods Novel),6.411290322580645,1423121295
North! Or Be Eaten (The Wingfeather Saga),13.3344,1400073871
Galileo's Dream,9.39391304347826,0553806599
The Tiger Cruise,14.22090909090909,0967561302
The Psychic,0.99,B0085MKCYE
Marijuana is Safer: So Why Are We Driving People to Drink?,34.45307692307692,1603581448
"Farewell, Dorothy Parker",10.9275,039915907X
Three To Get Lei'd: A Tiki Goddess Mystery (Volume 3),17.54714285714286,1611942888
"The Little Bookstore of Big Stone Gap: A Memoir of Friendship, Community, and the Uncommon Pleasure of a Good Book",15.731764705882354,1250010632
By Love Unveiled,6.797096774193548,1451698380
Child Made of Sand: Poems,12.878571428571428,0547580983
My Man's Best Friend,7.266071428571428,0981649521
Skipped Parts,8.028181818181817,1573226017
New Dawn (The Wandering Engineer Book 1),3.1983333333333333,B009HB1VNS
Daughter of Aphrodite (Daughter Trilogy #1 Paranormal Romance) (The Daughter Trilogy),1.7841666666666667,B00FP4R5UE
The Big Time,11.61,0312890796
Harry Potter and the Chamber of Secrets,12.597575757575758,0439064864
Strapped: Why America's 20- and 30-Somethings Can't Get Ahead,12.893333333333333,0385515057
What Are You Waiting For?: The One Thing No One Ever Tells You About Sex,9.89448275862069,1601423314
Beyond Molasses Creek,8.510769230769231,1595545050
The Last Summer of the Camperdowns: A Novel,10.06,0871403404
"Back to Our Future: How the 1980s Explain the World We Live in Now--Our Culture, Our Politics, Our Everything",20.435517241379312,0345518780
The Confessions of Max Tivoli: A Novel,9.043870967741935,0312423810
Book Lover,4.314444444444445,0984867104
Double Dose 2: Overdose,3.884736842105263,B00KOWDZSI
Unmasking Kelsey (Hagen),9.328,0553590707
"Alice Starmore's Book of Fair Isle Knitting (Dover Knitting, Crochet, Tatting, Lace)",20.83142857142857,0486472183
Bound to the Highlander (The Highland Chiefs) (Volume 1),8.87103448275862,191023401X
The Panther and the Pearl,20.626666666666665,0843935693
"Until We Touch (Fool's Gold,  Book 17)",8.47076923076923,0373778937
This Land Is Their Land: Reports from a Divided Nation,8.33741935483871,0805088407
The Wheatgrass Book: How to Grow and Use Wheatgrass to Maximize Your Health and Vitality by Ann Wigmore,13.371666666666666,0895292343
The Tax Lady's Guide to Beating the IRS and Saving Big Bucks on Your Taxes: Learn How You can Pay Less Money to the IRS by Beating them at their Own Game,4.333333333333333,1933771771
Struck,6.518666666666666,0374372837
"Dangerous Mercy (Secrets of Roux River Bayou, Bk 2)",10.213846153846154,0781403413
Deceitfully Yours,2.4916666666666663,B00EUF1QGI
"The Harry Bosch Novels, Volume 3: A Darkness More than Night, City of Bones, Lost Light",13.253809523809524,0316132853
Clever Fox: A Dani Fox Novel,11.153,0786891467
The Battle for God,10.450000000000001,0345391691
Dutch,21.26047619047619,0446551538
"Love, Life, and Elephants: An African Love Story",13.433666666666667,0374104573
My Life So Far,10.658461538461538,0375507108
The Wretched of Muirwood,7.294736842105263,1456399489
Peace River (Rockland Ranch Series) (Volume 1),12.52304347826087,0985164816
The Preppy Cookbook: Classic Recipes for the Modern Prep,12.802,0544114582
The Secret Garden,5.288888888888889,1494400626
Inheritance (Eragon / Eldest / Brisingr) (The Inheritance Cycle),17.770434782608696,0375872035
Night Heat (Kimani Romance),8.164137931034483,1583147780
Dark Shadows : Angélique's Descent,26.068095238095236,0061057517
Secrets Unraveled,10.296666666666667,0615359019
Imp Forsaken (Volume 6),9.951153846153845,1493622625
Acts of Mercy: A Mercy Street Novel,6.67,0345506146
Rush (The Game),9.34,0062192132
Alcatraz: A History of the Penitentiary Years,16.763666666666666,0970461402
Elemental Pleasure (Trinity Master) (Volume 1),9.776666666666667,0988910748
Light Science and Magic: An Introduction to Photographic Lighting,24.480666666666668,0240812255
Wayne's Dead,5.99,1591291976
Invisible Power Book Two: Alex Noziak (Invisible Recruits) (Volume 2),10.65,1939210119
Heaven's Prisoners,10.669444444444444,0671517414
Half Past Midnight,6.191428571428571,1468008536
The Voyage of the Beagle,12.150294117647059,014043268X
Herodotus: The Histories (Penguin Classics),16.36642857142857,0140446389
Heavy Mental (Clancy Parker Mysteries Book 1),0.99,B00AGKUBPS
Darkness Bound (Chimney Rock),4.452,1455500151
Sweet Memories,9.467368421052631,0373770995
Julie and Romeo Get Lucky,8.720384615384615,1416509690
I Could Chew on This: And Other Poems by Dogs,8.385862068965517,1452119031
Harry Potter Hardcover Box Set with Leather Bookmark (Books 1-5),45.92176470588235,0439612551
Savage Sky: Life and Death on a Bomber over Germany in 1944 (Stackpole Military History Series),11.315999999999999,0811733882
Dark Triumph (His Fair Assassin Trilogy),8.091666666666667,0547628382
Home for the Holidays,71.794,0060012617
The Madness Season (Daw Book Collectors),8.762,0886774446
Atomic Lobster: A Novel (Serge Storms),8.505483870967742,0060829699
A Woman Gone Mad,9.99,0615941133
The Knight in Rusty Armor,9.504285714285714,0879804211
"Coconut Oil and Apple Cider Vinegar: 28 Mind Blowing Uses for Coconut Oil and Apple Cider Vinegar (The Apple Cider Vinegar and Coconut Oil Bible - Amazing Benefits, Many Uses, and Natural Cures)",3.6415384615384614,B00IO1WOJC
Shattered & Mended (Shaken Series Book 2),4.42,B00JRJWLKW
Cruxim: You Are Never Alone (DARK GUARDIANS) (Volume 1),8.42,098736023X
Physics of the Future: How Science Will Shape Human Destiny and Our Daily Lives by the Year 2100,13.79875,0307473333
The Forest Bull (The Fearless) (Volume 1),8.95,1484862201
"The Cowboy, The Cheat, His Ex-Wife & Her Vibrator",2.9899999999999998,B00DS86AK0
The World According to Clarkson,14.7684,0141017899
Gallagher's Pride (Montana Gallagher Series Book 1),3.9259259259259256,B006ZOSVFG
Retirementology: Rethinking the American Dream in a New Economy,15.950869565217392,0137056532
Seeking the Spirit of the Book of Change: 8 Days to Mastering a Shamanic Yijing (I Ching) Prediction System,19.349354838709676,1848190204
Rodale's Illustrated Encyclopedia of Herbs,15.818928571428572,087596964X
Proofiness: How You're Being Fooled by the Numbers,29.561515151515152,0143120077
Expedition to Earth,8.586923076923076,0345430735
"The Otter, the Spotted Frog & the Great Flood: A Creek Indian Story",12.858421052631579,1937786129
Fifty Shades Trilogy (Fifty Shades of Grey / Fifty Shades Darker / Fifty Shades Freed),17.866451612903226,034580404X
"Intro to Paleo: Quick-Start Diet Guide to Burn Fat, Lose Weight, and Build Muscle",3.165909090909091,B0089F60FW
Kush and Cologne 2,3.19,B00BSXNZFU
The Body Electric: Electromagnetism And The Foundation Of Life,16.196363636363635,0688069711
Seven Dials (Charlotte and Thomas Pitt),11.857037037037037,0345440072
"Heidegger and a Hippo Walk Through Those Pearly Gates: Using Philosophy (and Jokes!) to Explore Life, Death, the Afterlife, and Everything in Between",10.99,0670020834
The Charm (Olivia Hart and the Gifted Program Book 1),2.9012499999999997,B006LE44HE
Amethyst (#1 of the Guardian series),1.6191666666666666,B009TKS6ZS
The Street Life: The Street Life,10.996666666666666,1484865472
Fatal System Error: The Hunt for the New Crime Lords Who are Bringing Down the Internet,10.938181818181818,1586487485
Red Flags,2.2289473684210526,B00AIB1XCA
On the Soul of a Vampire,12.239999999999998,1451509286
Untimely (An Untimely Romance) (Volume 1),6.33,1494893452
Olga - A Daughter's Tale,3.391363636363636,B004J4W024
"Simon Says (SBC Fighters, Book 2)",7.001612903225807,0425216586
The Rift,7.074,0061057940
Pick Your Poison (Yellow Rose Mysteries),5.811290322580645,045121031X
Justice for Sara: A Novel,9.934583333333332,125001252X
"Final Touch (The Rayne Tour, Book 3)",9.068888888888889,031071933X
"Making Handmade Books: 100+ Bindings, Structures & Forms",13.299285714285714,1600595871
Talking About Detective Fiction,13.968399999999999,0307592820
London Is the Best City in America,10.080769230769231,0670037567
The Count of Monte Cristo as Retold by Sherlock Holmes,10.255,1490927301
Savage Awakening: An Alpha Pack Novel,9.178,0451236440
Aphrodite's Kiss (Protector),4.6463636363636365,0505524384
Influencer: The Power to Change Anything,15.985142857142858,007148499X
"Saunders Comprehensive Review for the NCLEX-RN Examination, 5th Edition",31.19457142857143,1437708250
Makers: The New Industrial Revolution,16.262083333333333,0307720950
Belong to Me (A Wicked Lovers Novel),12.468,042524315X
Scenes From Sistah,5.093,0446521000
"The Lighthouse, No. 13 (Adam Dalgliesh mysteries)",27.6,030726291X
Lion of Babylon (Marc Royce),10.372,0764209051
The Dog in the Dark: A Novel of the Noble Dead,14.535,0451464931
Well of the Damned (The Kinshield Saga) (Volume 3),13.202857142857143,1482020750
Her Wolf: The Westervelt Wolves Book 1,5.033333333333333,1456568388
The Transparent Tarot (with cards),29.165925925925926,0764330039
Lush Life: A Novel,11.0640625,0312428227
The Survival of the Soul,13.875909090909092,1401928048
Apocalypsis: Book 3 (Exodus) (Volume 3),21.315714285714286,0985607122
64 (Mike Gallagher Mystery Series Book 1),4.323333333333333,B00E1IAQXS
Magic Dreams: A Penguin Special from Ace (Kate Daniels),3.816086956521739,B007HU7NXS
A Double Death on the Black Isle: A Novel (The Highland Gazette Mystery Series),9.193870967741935,1439154945
Forever in Darkness (Order of the Blade),4.19,B008NBYHPC
The Water-Method Man,11.8192,0345367421
The Human Division #12: The Gentle Art of Cracking Heads,2.6826923076923075,B00AF62F48
We the Living: Anniversary Edition,10.299285714285714,0451187849
Frommer's Florida 2012 (Frommer's Color Complete),4,1118045998
The Black Flower: A Novel of the Civil War,14.314444444444444,0312265077
"Becoming His Muse, Part One",1.6823076923076923,B00J5NRLAA
Nursing A Grudge,5.99,149293402X
Roger Ailes: Off Camera,13.42421052631579,1595230955
The Mercy Thompson Collection Books 1-5 (A Mercy Thompson Novel),6.51,B0058E8U8C
The Ides of April: A Flavia Albia Mystery (Flavia Albia Series),12.544062499999999,1250023696
New Interpreter's® Study Bible on CDROM: New Revised Standard Version with Apocrypha; includes 5 vol. Interpreter's Dictionary of the Bible,22.908125,068702496X
Knight's Move,3.2108695652173913,B00FO6WWS8
The UnTied Kingdom,8.3775,1906931682
Pie: 300 Tried-and-True Recipes for Delicious Homemade Pie,17.192941176470587,1558322531
Wrestling For Dummies,13.459655172413793,1118117972
The Prodigal Prophet,11.875555555555556,1460943503
The Athena Project: A Thriller (Thorndike Press Large Print Basic Series),155.4908695652174,1410436349
"Strength Training Anatomy Workout II, The (The Strength Training Anatomy Workout)",12.299285714285714,1450419895
Darkhouse,9.519354838709678,1461079853
Making Rumours: The Inside Story of the Classic Fleetwood Mac Album,15.484838709677419,1118218086
Voodoo Science: The Road from Foolishness to Fraud,16.182727272727274,0195135156
William and Harry: Behind the Palace Walls,16.02263157894737,1602861404
Another Roadside Attraction,11.045,0553349481
"Holly and Mistletoe (Hometown Heartbreakers) (Silhouette Special Edition, No 1071)",3.6829411764705884,0373240716
"Thrive: The Third Metric to Redefining Success and Creating a Life of Well-Being, Wisdom, and Wonder",19.720666666666666,0804140847
Shifting (Completed Series)  (A Fated Fantasy Quest Adventure Book 2),3.5654999999999997,B00570IAX2
"Undisputed: How to Become the World Champion in 1,372 Easy Steps",20.5536,0446538159
Long Time Coming (Whitfield Brides),4.596666666666667,0373830521
A Highland Heist: A Contemporary Romance (The Highland Heart Series Book 3),2.599285714285714,B00C4G79F2
Holiday Kisses,2.688695652173913,B00AHEW69M
Under the Same Sky,7.74,0425245233
Revolution,11.7544,1414307586
Poemcrazy: Freeing Your Life with Words,9.244166666666667,0609800981
A SEAL in Wolf's Clothing (SEAL Wolf),6.854230769230769,1402258909
He's Just A Friend (Soulmates Dissipate),6.714615384615384,1575669153
Vegetarian Cooking for Everyone,19.779285714285713,0767900146
The Collection,10.119583333333333,0451206096
"The Sword of Truth, Boxed Set I, Books 1-3: Wizard's First Rule, Blood of the Fold ,Stone of Tears",11.751333333333333,0812575601
The Rabbit Factory: A Lomax & Biggs Mystery,12.542,1596921749
"The Loss of the S.S. Titanic: Its Story and Its Lessons, By One of the Survivors",6.473142857142857,0618055312
Deathless Love,8.283333333333335,1479340235
Pennsylvania 1,2.6780769230769232,B00C79B08I
The Kissing List,8.76,0307951820
Betty Goes Vegan: 500 Classic Recipes for the Modern Family,13.975714285714286,1455509337
Cat's Cradle (Penguin Modern Classics),12.015,0140285601
Losing My Mind: An Intimate Look at Life with Alzheimer's,12.137333333333332,0743205650
The Last Resort: A Memoir of Zimbabwe,11.832777777777778,0307407977
The In Between,9.99,0988225115
Hungry: The Truth About Being Full,11.46,1401940021
Adapt: Why Success Always Starts with Failure,16.591515151515154,0374100969
Pagan: An MPRD Novel,9.656666666666666,1449537871
"366 Delicious Ways to Cook Rice, Beans, and Grains",11.919545454545455,0452276543
Catholic New American Bible  Revised Edition,6.682173913043479,B0054SLCOQ
The Unofficial Guide Walt Disney World 2012 (Unofficial Guides),9.775714285714285,111801233X
Pushups in the Prayer Room: Reflections from a Year Backpacking Around the World,11.260526315789473,193595332X
Steal Me,3.49,B002LZTEW2
"Blood Rebellion: Blood Destiny, Book 7",3.4903703703703703,B007FEADOC
Tailgating Guru  - 19 Must Have Tailgating Recipes - Tailgate Food At Its Best,2.9899999999999998,B0094OK3P0
Infernal Angel,8.3788,0843952032
Last Christmas (Bound Together),3.5757142857142856,B00AR3O6OG
Paleo Slow Cooker Soups and Stews: Healthy Family Gluten-Free Recipes,3.4756521739130433,B009WQ9C7A
"A Highlander's Destiny (Daughters of the Glen, Book 5)",4.50578947368421,1439144214
Bing Crosby: A Pocketful of Dreams--The Early Years 1903-1940,11.567666666666666,0316881880
At the Bride Hunt Ball,7.5633333333333335,0061355445
Data Science for Business: What You Need to Know about Data Mining and Data-Analytic Thinking,26.976129032258065,1449361323
101 Design Methods: A Structured Approach for Driving Innovation in Your Organization,18.645714285714284,1118083466
HIS RELUCTANT QUEEN (The Silver Series Book 7),3.5455555555555556,B00BBC3PKS
Sexus: The Rosy Crucifixion I,11.087586206896551,0802151809
"Water: The Epic Struggle for Wealth, Power, and Civilization",11.37264705882353,0060548304
The Ghost Wore Yellow Socks,14.548666666666668,1934531146
ANGEL BABY - A Sweetly Sexy Contemporary Romance!,3.2566666666666664,B005HF9CT8
Butterfly Economics: A New General Theory of Social and Economic Behavior,13.697142857142858,0375407650
Next Door Nympho,12.606428571428571,1934230316
Three Hundred Zeroes: Lessons of the heart on the Appalachian Trail.,10.604482758620689,1450557465
Dust to Dust: A Novel (Sam Kovac and Nikki Liska),7.4196875,0345547381
Beautiful Things Happen When a Woman Trusts God,9.8440625,1400202434
Crewel World (Needlecraft Mystery),6.764516129032258,0425167801
Devils in Exile: A Novel,10.183125,1416558861
The Everything Pressure Cooker Cookbook,13.153793103448276,1440500177
Mission Critical -  A Cold War Novel (Navy SEAL Grant Stevens Book 1),3.7794736842105263,B00428LBL8
The Heart's Pursuit,6.3948,0310259274
Everybody Wants You Dead,3.61625,B00ABUOUZU
My Everything,6.246666666666666,0595360238
Lake in the Clouds,10.97,0553582798
Lord's Fall (Elder Races),8.13258064516129,0425251063
Afterlife: a Fall of Angels novelette,3.0339130434782606,B00653YZ2A
Mexican Folk Art Coloring Book (Dover Design Coloring Books),6.308888888888889,0486427501
"The Good Life: Seeking Purpose, Meaning, and Truth in Your Life",10.12,0842377492
"Little Green Book of Getting Your Way: How to Speak, Write, Present, Persuade, Influence, and Sell Your Point of View to Others",11.97125,0131576070
Hot Head,11.376,1615819487
Twice Kissed,9.0684,0821779443
The Long March: How the Cultural Revolution of the 1960s Changed America,13.4496875,1893554090
Knights: The Hand of Tharnin (The Knights Series Book 2),3.1955555555555555,B008LOLWUY
A Year with Rumi: Daily Readings,11.660344827586206,006084597X
Cross the Line,12.239444444444445,1938848144
Keegan's Chronicles,11.656666666666666,1624110223
"The Illustrated Brief History of Time, Updated and Expanded Edition",19.217586206896552,0553103741
Commander: The Life and Exploits of Britain's Greatest Frigate Captain,19.583333333333332,0393071642
White Lies,9.2284,1551662744
"Hello, Hollywood! (Backstage Pass)",4.17125,0800733460
American Story: A Lifetime Search for Ordinary People Doing Extraordinary Things,15.07625,0670026050
Ex Libris: Confessions of a Common Reader,11.9088,0374527229
Layers Peeled (Layers Trilogy Book 2),4.866071428571429,B00HTJHH1A
Envious Casca (Country House Mysteries),14.964074074074073,1402218028
Really Healthy Gluten Free Living - How to heal your gut with a healthy gluten free diet - 32 healthy gluten free recipes,4.611,B00CJUKDXI
Charley Harper: An Illustrated Life,20.81375,0978607651
All I Want: Three couples. Three Stories. One Holiday,6.704285714285715,1480115231
Bound by Blood,7.656666666666666,0987749307
A Haunting Dream (A Missing Pieces Mystery),6.894827586206897,0425251799
Loving Hart (The Hart Family Book 3),3.221153846153846,B00AMUZS3W
Ice Rift,3.9,B005S0UPAM
Dead Deceiver,13.245263157894737,1935562266
"Mona Lisa Blossoming (Monere: Children of the Moon, Book 2)",5.902083333333334,0425214338
What They Always Tell Us,7.437777777777778,0385735073
I Am John Galt: Today's Heroic Innovators Building the World and the Villainous Parasites Destroying It,10.743548387096775,1118013786
Montana Star,6.628333333333333,1477811869
"Every You, Every Me",8.8504,0375854517
Noah's Petting Zoo,6.0775,1482090392
"The History of the Decline and Fall of the Roman Empire, Vol. 1",19.97,0140433937
Crazy Thing Called Love (Crooked Creek Ranch),6.048333333333333,0345533690
The Retreat: Hitler's First Defeat,20.99,0312628196
Crooked Cucumber: The Life and Zen Teaching of Shunryu Suzuki,14.723666666666666,0767901053
The Flirt: A Novel,9.480689655172414,0061125768
Unstuff: Making Room in Your Life for What Really Matters,8.02,1414334788
Reluctant Gods II - The Demon Seth,9.656666666666666,1480000450
Mail Order Bride,1.49,B00CI0DNSG
Talk Like a Winner: 21 Simple Rules for Achieving Everyday Communication Success,11.1216,0967089352
Bridleton,3.5633333333333335,1935817728
The Last Patriot: A Thriller (The Scot Harvath Series),10.677575757575758,141654383X
Twelve Houses,9.99,1494285991
Living Nightmare: The Sentinel Wars,6.8196551724137935,0451232372
Outside the Lines: An Artists' Coloring Book for Giant Imaginations,11.5775,0399162089
Taste of Home Comfort Food Diet Cookbook: New Family Classics Collection: Lose Weight with 416 More Great Recipes!,13.269,0898218292
The Family,7.5028,0061032425
THE YIELDING: A Medieval Romance (Age of Faith Book 2),4.649642857142857,B00APRN7IU
Seduced By Fire (The Submissive Series),8.596,045146625X
Beloved Castaway: Fairweather Keys Series #1 (Truly Yours Romance Club #16),8.643333333333333,1597895938
Moonlight and Oranges,4.5,1935961357
Gil's All Fright Diner,9.835,0765311437
What Should I Do with My Life?: The True Story of People Who Answered the Ultimate Question,11.4265625,0345485920
Shadow: Five Presidents and the Legacy of Watergate,13.084,0684852624
Cat in an Alien X-Ray: A Midnight Louie Mystery (Midnight Louie Mysteries),14.681481481481482,0765327481
"Married by Morning (Hathaways, Book 4)",6.497941176470588,0312605382
Even Firefighters Go to the Potty: A Potty Training Lift-the-Flap Story,7.988214285714286,1416927204
Reunited,5.498666666666667,144243984X
Lose It!: The Personalized Weight Loss Revolution,24.638846153846156,1605290947
Wasted Heart (Ruining Book 3),3.6856521739130432,B00G3Q8T62
Reaper 6,14.543333333333333,1478716215
Awakening The Warriors (Novella) (Legends of the Seven Galaxies),4.760909090909091,B00BTTJ8E0
,11.695151515151515,0575073160
Vanquish Writer's Block!: How to Use Images to Spark Creativity (Writing Skills Book 2),4.434444444444444,B00BA2DXEW
A Short History of Women: A Novel,11.06,1416594981
What Doesn't Kill You,5.77969696969697,0312651236
Yesterday's Gone: Season Two,4.651785714285714,B007BEDR4Y
Jack: Straight from the Gut,10.3003125,0446528382
The Daily Walk Bible NLT: 31 Days with Jesus,2.092083333333333,B00FEOFT0S
Bear in the Back Seat II: Adventures of a Wildlife Ranger in the Great Smoky Mountains National Park (Volume 2),7.354666666666667,0988564378
Escape of the Mini-Mummy (Who Shrunk Daniel Funk?),20.606,1416909591
Wicked Ties (A Wicked Lovers Novel),9.5765625,0425213617
Resisting Nick: New Zealand friends to lovers sexy reunion romance (The Wellington Series Book 3),2.8658333333333332,B009LNKB4C
Torn: A YA Paranormal Romance Novel (Volume 2 of the Reflections Books),4.1121428571428575,B005WNXOTE
The Sun and the Moon,4.824,0451200322
"All By My Selves: Walter, Peanut, Achmed, and Me",10.835217391304347,0451234693
The Brothers Karamazov (Bantam Classics),8.55225806451613,0553212168
Caliber Detective Agency - Generations,2.9311764705882353,B00AJ1VLOY
Rocket Mass Heaters: Superefficient Woodstoves YOU Can Build,34.06470588235294,0966373839
"Slaying the Badger: Greg LeMond, Bernard Hinault, and the Greatest Tour de France",13.568076923076923,1934030872
"Dungeons & Dragons Monster Manual: Roleplaying Game Core Rules, 4th Edition",23.22423076923077,0786948523
Homecoming Ranch (Pine River),11.387,148051652X
Obedience: A Novel,8.823157894736841,030739610X
The Crush Wars,2.1983333333333333,B009L72X3U
The Adventures of Anna ... At the Zoo,3.8233333333333333,B00BPFAUCW
"Vengeance; at Midway and Guadalcanal, a novel of war. (Aviator Book 2)",3.5174074074074073,B004NNVCMU
Lay the Favorite: A Memoir of Gambling,15.589655172413794,0385526458
Mrs. Drew Plays Her Hand,7.785555555555556,0451181816
Fantasy Football,2.761428571428571,B004KSQVD8
The One That I Want,6.942692307692308,1442452366
Breaking Beautiful,6.473076923076923,0802723527
What Love Sees,11.583666666666666,0795324537
Thomas Kinkade Painter of Light 2014 Deluxe Wall Calendar,55.99,1449432476
"Deryni Rising (Chronicles of the Deryni, No 1)",7.656,0345347633
The Wednesday Daughters: A Novel,6.8714814814814815,0345530284
A Struggle of the Heart,3.781428571428571,B0067T6O30
Dante's Girl: The Paradise Diaries (Volume 1),4.374615384615384,061566069X
Ethics of Big Data: Balancing Risk and Innovation,26.585806451612903,1449311792
The Photographer's Eye: Composition and Design for Better Digital Photos,21.20375,0240809343
The Sisters of Sinai: How Two Lady Adventurers Discovered the Hidden Gospels,17.214827586206898,1400034744
Satan’s Hoax: End-Times Prophecies Through the Eyes of a Modern-Day Paul,9.474285714285713,1466316330
A Deadly Justice (LAPD Detective Maddie Divine Book 2),3.32375,B00F4F33DC
Destiny and Desire (Paranormal Romance Box Set),4.656666666666666,B00GQOYA8W
Steppenwolf: A Novel,7.977826086956521,0312278675
"Katie's Hellion: Rhyn Trilogy, Book One",2.25,1463542828
The Wonder of Boys,12.96625,0874778875
Capitol Reflections,13.5375,0977954536
"Prey (Aliens Vs. Predator, Book 1)",16.74448275862069,0553565559
Infinite Jest,11.335483870967742,0316066524
The Cirque,8.99,1481921126
Connor,14.656666666666666,1483690636
Only Pretend,3.1514285714285712,B00KPEW1XA
The Art & Soul of Baking,29.235357142857143,0740773348
We Can Have Peace in the Holy Land: A Plan That Will Work,8.116153846153846,1439140634
A Brother's Secret,0.99,B00AXGZ3GC
Grimoire for the Green Witch: A Complete Book of Shadows,11.151071428571429,0738702870
The Dinosaur Heresies,31.066399999999998,0806522607
Confessing to the Cowboy,3.3708695652173915,037327825X
The Worst Journey in the World,18.361428571428572,0786704373
Sins of the Father: An Erin Solomon Mystery (Volume 2),12.867272727272729,0985144742
Area 51: The Reply,5.6882758620689655,0440223784
To Wed a Wicked Earl,7.63875,0061712787
Indemnity Only (V. I. Warshawski),6.994375,0440210690
Wind Dancer,7.664,080544534X
Megan's Hero: A Novel (The Callahans of Texas),10.868,080073355X
Stephen King's N.,13.31590909090909,0785134530
Fer-de-Lance (Nero Wolfe),12.890333333333333,0553278193
"Are You There God? It's Me, Margaret.",16.519259259259258,0027109917
The True and Outstanding Adventures of the Hunt Sisters: A Novel,6.9815000000000005,0316159360
Burnt Offerings (Daniel Davis and Sam Michaels),13.377777777777776,1888146907
After Dark with a Scoundrel: Lords of Vice,8.6788,0312381263
The Spare Room: A Novel,11.145,0312428170
Buffalo Lockjaw,13.59,1401309801
The Vacationers,10.733703703703704,1447262859
Captivated,7.63375,0758202687
A Bargain Struck,5.0125,178189048X
Chicken Nuggets: The Raptor Apocalypse,5.792,1477698078
City of Blaze (Volume 1 of The Fireblade Array),7.246666666666667,1477652523
Fifty Shames of Earl Grey: A Parody,7.912,0306821990
Shadows Still Remain: A Novel,5.203181818181818,0061373540
Christmas On Nutcracker Court,16.39,0758238959
The Black Eagle Inn (The Three Nations Trilogy) (Volume 3),11.56,1492391719
"Wizard of Oz Illustrated Series: 15 Books, Wonderful Wizard of Oz, Marvelous Land, Dorothy and the Wizard, Road to Oz, Emerald City, Ozma of Oz, Patchwork Girl, Glinda of Oz MORE!",3.9275,B0083MO1DO
Twenty Four Hours a Day,12.1446875,0894860127
"Personal Demons (Personal Demons, Book 1)",9.263,0765328089
Love Slave for Two: Family Matters,6.1306666666666665,1606014714
"Santa and the Littlest Angel:A Christmas Story, Retro Comics 13,  Christmas 1",3.9699999999999998,B00FA9D7BK
Death Ain't But A Word: A Supernatural Hot Mess,8.323333333333334,0988548518
Eversea: a love story,9.350357142857144,0989492508
Appointments with Heaven: The True Story of a Country Doctor's Healing Encounters with the Hereafter,11.063225806451612,1414380453
City of Dreams (Peter Fallon and Evangeline Carrington),15.985185185185184,0765321971
Thinking in New Boxes: A New Paradigm for Business Creativity,23.915416666666665,0812992954
Because You Are Mine Part II: Because I Could Not Resist,4.6370588235294115,B008JHXUTO
Stand on Zanzibar: The Hugo Award-Winning Novel,11.255,0765326787
The Heretics: A John Shakespeare Mystery,3.4483333333333333,B00DB3DF1O
Brazilian Jiu-Jitsu: Theory and Technique (Brazilian Jiu-Jitsu series),18.35952380952381,1931229082
"A Pattern Language: Towns, Buildings, Construction (Center for Environmental Structure)",26.806129032258063,0195019199
Dirty Money Honey,8.54,1934157449
Green Smoothies Diet: The Natural Program for Extraordinary Health,47.49928571428571,156975702X
Redemption Song: A Novel,9.608095238095238,034543885X
The Good Daughters: A Novel,10.347096774193549,0061994316
Zombie Fallout 7:  For The Fallen,14.75125,1492953261
"Race Against the Machine: How the Digital Revolution is Accelerating Innovation, Driving Productivity, and Irreversibly Transforming Employment and the Economy",11.615862068965518,0984725113
Keepsake Crimes (A Scrapbooking Mystery),6.691,0425190749
Just Like Daddy (Volume 1),10.323333333333334,097155305X
Swimming with the Dead: An Underwater Investigation,4.11,0451210204
"Song of the River (Storyteller Trilogy, Book 1)",10.813448275862068,0380726033
The Night Before Thanksgiving,5.832333333333333,0448425297
Options as a Strategic Investment,24.722,0735201978
The Frenzy,8.223636363636365,0061926663
By the River Piedra I Sat Down and Wept,9.059166666666666,0060977264
Seduced by Secrets: Inside the Stasi's Spy-Tech World,15.095666666666666,052188747X
The War to End All Wars: World War I,9.072333333333333,0544021711
Stress Management: An Easy to Understand Book Full of Tips and Tricks to Fight Against Everyday Stress and Anxiety,6.324285714285714,1492272108
The Complete History of Jack the Ripper,20.34,0786702761
Wingless,9.99,0557178126
"Emma of Aurora: The Complete Change and Cherish Trilogy: A Clearing in the Wild, A Tendering in the Storm, A Mending at the Edge (Change and Cherish Historical Series)",7.940740740740741,0307732150
The Gift,10.546,0061706264
The Busy Writer's One Hour Plot,4.89,B0083FXTB6
Wild Cards,7.529259259259259,0802734375
Close To The Edge (Westen Series),14.831333333333333,1484027388
Gettysburg--The First Day (Civil War America),23.5316,0807826243
Sutter's Cross,6.520869565217391,0739432303
DEWITCHED: The Untold Story of the Evil Queen (Volume 1),12.807142857142857,0615673163
Yesterday's Tomorrow,15.465,160290278X
"Meeting Destiny: Destiny Series, Book 1",7.495,1468121375
The Big Book of Girl Stuff,8.264482758620689,158685819X
Jonathan Livingston Seagull,11.690384615384616,0380012863
Target Deck: (A Deckard Novel),11.370000000000001,1481821660
Scorpion Betrayal,7.010400000000001,0062064584
The Philosophy Book: Big Ideas Simply Explained,13.927,0756668611
Concourse: A Bill Smith/Lydia Chin Novel (Bill Smith/Lydia Chin Novels),5.91423076923077,0312959443
Night Vision (Doc Ford),9.419,0399157050
Jesus Loves Me: Picture Book for Children,2.3045833333333334,B008LHCP0W
Splitting Harriet,6.358260869565218,1590529286
Pirateology: The Pirate Hunter's Companion (Ologies),19.41409090909091,0763631434
The Cat Who Knew a Cardinal,6.840625,0515107867
Hannah's Vow,4.444545454545454,0843949864
Making Sauerkraut and Pickled Vegetables at Home: Creative Recipes for Lactic Fermented Food to Improve Your Health (Natural Health Guide) (Alive Natural Health Guides),29.2456,155312037X
Guardian For Hire,3.6755555555555555,B00HFU5S46
A Medical Affair,9.755,162015174X
"Let's Panic About Babies!: How to Endure and Possibly Triumph Over the Adorable Tyrant Who Will Ruin Your Body, Destroy Your Life, Liquefy Your Brain, ... Turn You into a Worthwhile Human Being",9.942758620689656,031264812X
The Spymistress: A Novel,9.802,0142180882
The Billionaire Bad Boys Club,12.312,098491627X
Deadly Harvest (The Flynn Brothers Trilogy),8.267096774193549,0778325601
Taft 2012: A Novel,9.991999999999999,1594745501
The Pleasure Trap: Mastering the Hidden Force That Undermines Health & Happiness,15.362777777777778,1570671508
Nikolai: A Dark Light Novella (The Dark Light Series),3.9364,B00GLT2F2U
Hades' Daughter: Book One of The Troy Game,12.784374999999999,0765305402
BEAST,1.5818181818181818,B007MSWOAM
Tao Te Ching,7.479666666666667,0060812451
The Darkest Evening of the Year: A Novel,8.987741935483871,0345533283
ScrapTherapy® Cut the Scraps!: 7 Steps to Quilting Your Way through Your Stash,15.617241379310345,1600853331
Hood Love 2,3.7405,B00AH8SLKQ
No Alligators in Sight: A Novel,5.6433333333333335,1492792195
The Pink Swastika: Homosexuality in the Nazi Party,29.09,0964760932
World of Warcraft: Official Strategy Guide (Bradygames),11.329615384615385,0744004055
"The Wild Life of Our Bodies: Predators, Parasites, and Partners That Shape Who We Are Today",16.596774193548388,006180648X
Annals of the Former World,24.131666666666668,0374105200
Become a Better You: 7 Keys to Improving Your Life Every Day,10.7871875,0743296885
Unchained (Nephilim Rising Book 1),4.601481481481482,B00BMKRL86
The Real Fling,2.3266666666666667,B00APTQLP4
Scrum: a Breathtakingly Brief and Agile Introduction,18.253103448275862,193796504X
Saving Grace (Madison Falls),6.445,1491056908
Love... And Sleepless Nights,7.013636363636364,1477488138
The Complete Idiot's Guide to Making Natural Beauty Products,10.867777777777778,1615640231
Shakespeare's Sonnets,12.740714285714287,1466256931
"Chicken Soup for the Teenage Soul: 101 Stories of Life, Love and Learning (Chicken Soup for the Soul)",12.848,1558744630
Straight Roommate (Beau's Backdoor Prequel): Gay MM Sex for the Night,2.6566666666666667,B00HMBOS62
Nathan Bedford Forrest: A Biography,13.587916666666667,067974830X
Outlaw Mountain (Joanna Brady Mysteries),8.070666666666666,0061998974
Tahn: A Novel,15.003636363636364,0800759990
Reckless Longing,10.792,0615875246
Dick Francis's Refusal,12.645625,0399160817
"Into Danger (Shadowy Assassins (S.A.S.S.), Book 1)",6.715,0060523387
Risky Business,10.748125,0263877264
Marilyn Monroe: Metamorphosis,23.9875,006203619X
Capitol Magic (Washington Witches),3.632142857142857,B007US3JWQ
"Cupcakes, Sales, and Cocktails (An Annie Graceland Cozy Mystery Book 2)",2.9903703703703703,B006PU7RU0
Diary of a Wimpy Kid Box of Books,25.133214285714285,0810997827
King's Envoy: Artesans of Albia,5.2299999999999995,1936850133
Unfinished Business; An Angela Panther Novel,9.030000000000001,1484817702
Ida B.: A Novel,6.4825,0743260015
And You Call Yourself a Christian (Urban Books),8.859032258064516,1601628218
The Dark Wife,8.509666666666666,1461179939
Last-Minute Knitted Gifts (Last Minute Gifts),12.091034482758621,1584793678
The Three Bears,4.843214285714286,0307021408
"What to Expect the First Year, Second Edition",13.072857142857142,0761129588
Coven by Christmas (Part Two) (The Mystic Series Book 2),2.4899999999999998,B006L6WNPM
Time to Pee!,8.968620689655172,0786818689
The Cat Who Robbed a Bank,7.5056666666666665,0399145702
When Pigs Fly,8.315555555555555,0595407706
Cross Dressed To Kill: The CGD 2011 Holiday Reading Award Winner,10.99,1463605137
The Invasion of 1950,4.0308,B00EX66ZKG
Snow Soldiers,3.5316666666666663,B007JX0BWI
"Haven: The Dramatic Story of 1,000 World War II Refugees and How They Came to America",30.392400000000002,081293301X
First Date,7.391923076923077,1401684882
Grace Unplugged: A Novel,5.6645,1433682044
"Black Howl (Black Wings, Book 3)",7.158666666666667,1937007332
Linear Algebra Done Right (Undergraduate Texts in Mathematics),34.269666666666666,0387982582
Obsession: Faces of Evil,9.3265,0615565875
The Degan Incident (Galactic Conspiracies),15.305,1490922288
The Colony: Renegades (The Colony Vol. 2) (Volume 2),6.98125,1492896454
Brad's Bachelor Party,3.899583333333333,B00DHP7TSG
The Hemingses of Monticello: An American Family,13.2753125,0393064778
Just Let Me Lie Down: Necessary Terms for the Half-Insane Working Mom,8.28217391304348,0316068284
Ember: A prequel to Firelight (Darkest London),4.4070833333333335,B006T2KUPI
Patient Zero: A Joe Ledger Novel,9.5065625,0312382855
A Passionate Love Affair with a Total Stranger,9.848888888888888,0718157664
The Age of American Unreason,11.1471875,0375423745
Just a Little Critter Collection (Little Critter),6.014642857142857,0375832556
A Rare Gift (The Kent Brothers Trilogy Book 2),3.6983333333333333,B005Z1CSM2
Aftertaste: A Novel in Five Courses,8.724117647058824,0758259913
Ruby (Dakotah Treasures #1),11.0853125,0764222228
Give and Take: Why Helping Others Drives Our Success,11.621290322580645,0143124986
Confinement (Book #1 in the Love and Madness Series),2.5837499999999998,B004DUMZ4M
Deep Down Things: The Breathtaking Beauty of Particle Physics,29.855333333333334,080187971X
Fire of the Dragon (Bestiary Series) (Volume 1),5.060769230769231,0615801218
The Keatyn Chronicles: Books 1-3,16.585185185185185,1940652006
Ready or Not (Aggie),13.315,1450590497
Save Your Small Business: 10 Crucial Strategies to Survive Hard Times or Close Down and Move On,5.9750000000000005,1413310419
Hounded (Iron Druid Chronicles),6.922580645161291,0345522478
Sell Your Book Like Wildfire: The Writer's Guide to Marketing and Publicity,12.649375000000001,159963421X
"The Invisible Ring (Black Jewels, Book 4)",7.820967741935484,0451458028
Wicked at Heart,5.939285714285714,0380780046
"Tickle, Tickle! Itch, Twitch!",7.7407407407407405,0761457143
"Dockside (Lakeshore Chronicles, Book 3)",10.496296296296297,0778324753
Faithless Execution: Building the Political Case for Obamas Impeachment,9.417857142857143,1594037760
Hot for Fireman: A Bachelor Firemen Novel (Bachelor Firemen of San Gabriel),5.238846153846154,0062088971
One Good Earl Deserves a Lover: The Second Rule of Scoundrels (Rules of Scoundrels),6.6831249999999995,0062068539
Behind the Cloud: The Untold Story of How Salesforce.com Went from Idea to Billion-Dollar Company-and Revolutionized an Industry,14.786333333333333,0470521163
Hell House,9.972000000000001,148029022X
The Brooklyn Follies: A Novel,12.6964,0312426232
Birth of a Killer (The Saga of Larten Crepsley),8.937272727272727,0316078638
Bound to Please,9.736923076923077,0446541923
Make A Cake From Scratch With 31 Homemade Cake Recipes! (Tastefully Simple Recipes Book 4),1.66,B008LYE4HC
"The Guitar Handbook: A Unique Source Book for the Guitar Player - Amateur or Professional, Acoustic or Electrice, Rock, Blues, Jazz, or Folk",14.718928571428572,0679742751
Between Husbands and Friends: A Novel,13.5375,0312206135
Quick and Easy Mediterranean Diet Cookbook: 76 Mediterranean Diet Recipes Made in Minutes,11.757586206896551,1623153573
Bangkok Bob and The Missing Mormon,13.961,9810877765
Winter at Death's Hotel: A Novel,10.139,1402280823
America 3.0: Rebooting American Prosperity in the 21st CenturyWhy Americas Greatest Days Are Yet to Come,20.032857142857143,1594036438
Roommate Wanted (Sharing Space  Book 1),1.6016666666666666,B00FJBJ6NM
Tintin and Alph-Art (The Adventures of Tintin: Original Classic),24.527826086956523,0316003751
Payback Is a Mutha,9.462941176470588,0739466348
Tandia,39.341,0316158283
Uncaged: A Thriller,2.7,1936467062
The Killing Zone: My Life in the Vietnam War,10.796216216216216,0393310892
The Harder I Fall (Falling Fast Book 1),2.9348148148148145,B00IKAGM54
"Stir, Laugh, Repeat",4.5,1604628189
The Number Garden,9.458333333333332,1599900483
Say When (Something More),4.995,1490965386
The Man Who Owns the News: Inside the Secret World of Rupert Murdoch,30.130967741935482,0385526121
Russian Roulette,12.257142857142858,0615521061
Always Remember to Tip Your Ninja: And Other Maxims for the Clinically Absurd,0.99,B005MTB7VU
A Cold Treachery (Inspector Ian Rutledge),7.6118749999999995,0553586610
The Education of Caroline (The Education Series #2) (The Education of...),3.71,B00BD2PT8M
Small Stakes Hold 'em: Winning Big with Expert Play,18.725357142857142,1880685329
Women: A Novel,13.48909090909091,0061177598
Out of Time,1.7769565217391303,B007QZU8GS
"Home Sweet Anywhere: How We Sold Our House, Created a New Life, and Saw the World",10.496896551724138,1402291531
Good Morning Midnight,14.664736842105263,0060528079
The Music of Chance,11.729032258064516,0140154078
Ghost a la Mode (A Ghost of Granny Apples Mystery),8.885172413793104,0738713805
The Fountainhead,16.794285714285714,0026009102
The Cleaner,11.5115625,044024370X
The Harvest of Sorrow: Soviet Collectivization and the Terror-Famine,22.206363636363637,0195040546
The Motley Fool Million Dollar Portfolio: How to Build and Grow a Panic-Proof Investment Portfolio,23.21774193548387,006156754X
Assassin's Touch: Book 1 Iron Portal Paranormal Romance Series,3.5316666666666667,B009ZOZLPG
The Visitant: Book I of the Anasazi Mysteries,18.232222222222223,0765360004
Si-cology 1: Tales and Wisdom from Duck Dynasty’s Favorite Uncle,10.627586206896552,1442366680
The Unofficial Guide to Walt Disney World 2007 (Unofficial Guides),10.962,047179032X
Scared Stiff (Mattie Winston Mystery),11.075199999999999,0758234546
Ragnarok: The End of the Gods (Myths),10.5,0802129927
Blood and Honor (Honor Bound),9.75,0399141901
"O, Juliet",7.9321052631578945,0451229150
Military Flight Aptitude Tests For Dummies,24.27133333333333,0470600322
The Bungalow Mystery,8.08,0448095033
The Big Red Fez,13.012666666666668,0743220862
Mercy Kill: A Mystery (Mercy Gunderson),12.77,1416590978
The Island,8.993333333333334,1611188334
The Man Who Quit Money,15.06655172413793,1594485690
Feminine Appeal (Redesign): Seven Virtues of a Godly Wife and Mother,10.924285714285714,1433534142
Unburdened: The Secret to Letting God Carry the Things That Weigh You Down,13.05107142857143,1414321732
Stealing His Heart (The Kingston Heat Series Book 1),3.446818181818182,B00J0ZRBQM
Katka,10.16,1439216339
Herbs Gone Wild! Ancient Remedies Turned Loose (Volume 1),12.167857142857143,0983915547
Another Chance (Chances #1) (Chances Series),3.298076923076923,B00GVJGAIA
A Heartbreaking Work of Staggering Genius,12.087307692307693,0330456717
The Complete Peanuts 1953-1954 (Vol. 2)  (The Complete Peanuts),24.016333333333332,1560976144
Rick Steves' Europe Through the Back Door 2013: The Travel Skills Handbook,9.14,1612383696
Under Order (Heather's Journey Book 1),4.066666666666666,B005ME2DJK
Carry Me Home: A Novel,33.950967741935486,0385338139
A Carrion Death: Introducing Detective Kubu (Detective Kubu Series),11.2840625,0061252417
The Rift (Area 51: The Nightstalkers),7.635,1477818111
Soul Catcher (The Soulkeepers Series),11.197058823529412,1482777169
The Emperor's Tomb,10.122424242424243,0345505492
Too Close to Miss,6.323333333333333,1468025260
The Last Brother: A Novel (Lannan Translation Selection (Graywolf Paperback)),10.7332,1555975755
The Christmas Quilt: Quilts of Love Series,6.513333333333334,1426752776
Obama and Islam,0.99,B0058P5200
Fool's Gold?: Discerning Truth in an Age of Error,12.061052631578947,158134726X
"Beauty Sleep: A Glamorous Mother, a Woman from Her Past, and Her Mysterious Death (St. Martin's True Crime Library)",10.24,0312947844
The Peace War,17.995,0312943423
Rabbit Book For Kids: Cotton Tail And The Great Bunny Race,2.9899999999999998,B00BM51GZU
Consumed,11.327499999999999,1492371289
Let Me Go,6.1525,1495946851
"Our Totally, Ridiculous, Made-Up Christmas Relationship (A Novella)",4.8966666666666665,B00HAYV7KQ
Worlds Collide,14.232777777777779,1578567939
The Jesus Way: A Conversation on the Ways That Jesus Is the Way,11.88258064516129,080282949X
The Lumberfox (Geekrotica Book 1),3.99,B00IX45NB6
Fast Money: A Shelby Nichols Adventure (Shelby Nichols Adventures),13.199375,1466495154
Knit 2 Together: Patterns and Stories for Serious Knitting Fun,14.21923076923077,1584795344
The Dangerous Alphabet,8.158965517241379,0060783338
"How to Achieve Success and Happiness: Increase your mind power, overcome negativity, achieve your goals, and live your dreams in record time (SUCCESS 101)",1.8854166666666667,B00JJZKQGK
Superfoods: The 101 Best Foods to Live Longer and Feel Younger,8.6075,1937918556
Screen Play: A Novel,7.323333333333333,1434764826
Five Days in Skye,9.777142857142858,0781410428
Take This Cup (The Jerusalem Chronicles),9.3659375,0310335981
"Mastering the Seven Decisions That Determine Personal Success: An Owner's Manual to the New York Times Bestseller, The Traveler's Gift",11.346,0785261419
An Abundance of Katherines,8.707272727272727,0142410705
3:59,8.191333333333333,0062118811
A Basic Renovation,5.24,B00B7VP6GE
Isaac's Army: A Story of Courage and Survival in Nazi-Occupied Poland,12.859444444444444,0553807277
Affliction Z: Patient Zero,10.012,1483997189
Sapphique (Incarceron),9.643076923076924,0142419796
Desire (Brightest Kind of Darkness) (Volume 4),15.6575,1939672163
Hornet Flight,12.514,0142800082
The Other Life (The Weepers),13.29,0761462759
Life Support (Grace Medical),9.417083333333332,1414361130
Halo: Cryptum: Book One of the Forerunner Saga,13.930769230769231,0765323966
The Milestone Tapes,10.296666666666667,1468150065
After Eden (Fallen Angels Book 1),3.2144999999999997,B004WX1BNG
"Personal Recollections of Joan of Arc by the Sieur Louis De Conte, Her Page and Secretary",10.338947368421053,0313223734
"Off On Our Own: Living Off-Grid in Comfortable Independence: One Couple's """"Learn as We Go"""" Journey to Self-Reliance",10.921034482758621,0983272603
Much Ado About Anne (The Mother-Daughter Book Club),10.56516129032258,0689855664
Japan 1941: Countdown to Infamy,12.168387096774193,0307594017
The Source Field Investigations: The Hidden Science and Lost Civilizations Behind the 2012 Prophecies,13.1490625,0452297974
Play Dead,5.873333333333333,1439171300
'Tis Herself: A Memoir,17.494347826086955,0743246934
Falling Man: A Novel,11.659375,1416546022
Deadly Currents (An RM Outdoor Adventures Mystery),19.116,073872162X
"Labyrinth of Evil (Star Wars, Episode III Prequel Novel)",18.8245,0345475720
The Irregulars: Roald Dahl and the British Spy Ring in Wartime Washington,15.593846153846153,0743294580
Total Eclipse of the Heart,12.619615384615384,0743499298
Spirit of a Champion (Sisters of Spirit #7),3.4568181818181816,B00AM90WT8
Shadowscapes Tarot Deck,17.101785714285715,0738727326
Strip Cuts,13.325555555555555,0967521564
What's a Christian to Do with Harry Potter?,8.95923076923077,1578564719
They Had Goat Heads,11.55,0982628129
The Human Division (Old Man's War),12.158787878787878,0765333511
A Leap of Faith (The Lexi Series Book 2),3.9884,B00FJI1KQQ
Clarity,7.716956521739131,1496021819
Blood Feud: The Hatfields And The Mccoys: The Epic Story Of Murder And Vengeance,16.161923076923078,0762779187
"Dude, Where's My Country?",8.775555555555556,0446532231
Cooking Light 5 Ingredient 15 Minute Cookbook,16.278214285714284,0848718526
"One God, One Plan, One Life: A 365 Devotional",8.535172413793104,1400322634
"Atonement (Beartooth, Montana)",8.264,0373778465
What a Son Needs From His Dad: How a Man Prepares His Sons for Life,9.3615,0764209698
The Finding: The Legend of Oescienne (Book One),3.4524,B002J9HMQA
Deranged: The Shocking True Story of America's Most Fiendish Killer!,14.963666666666667,0671025457
Pulse of Heroes,11.656666666666666,0615414168
Drop Dead Divas: A Dixie Divas Mystery (Volume 2),10.227916666666667,1935661965
The Law of Second Chances,10.851333333333333,0312366310
The Rope: An Anna Pigeon Novel (Anna Pigeon Mysteries),8.74,0312614578
Restore My Heart (Daddy's Girls) (Volume 1),4.196666666666666,1482662434
Racing for the Sun,9.84,162380647X
"American Savage: Insights, Slights, and Fights on Faith, Sex, Love, and Politics",10.9128,0525954104
"Free Kindle Book Covers: How to Use Amazon’s Cover Creator to Make Free, Self-Published Kindle eBook Covers with Free Images from Amazon’s Royalty-Free Gallery of Thousands of Stock Photos & Your Own",0,B00CLRWF6M
"Pink Brain, Blue Brain: How Small Differences Grow Into Troublesome Gaps -- And What We Can Do About It",14.681724137931035,0618393110
Unaccustomed Earth,12.196666666666667,0307265730
"Money, Possessions, and Eternity",12.990666666666666,0842353607
Fall Girl,5.576666666666667,1463579519
Disembodied Bones (Lake People Book 2),2.5876923076923077,B00439H0FC
Forever Blessed (Volume 2),18.170909090909092,1478332875
The Ugly Duckling Debutante (Cambridge Studies in Linguistics),3.6263636363636365,1466426357
"A Good Yarn (Blossom Street, No. 2)",10.848125,0060582006
Uncanny X-Men Omnibus (v. 1),72.92333333333333,0785121013
"Gates of Zion (Zion Chronicles, Bk. 1.)",11.579565217391304,0871238705
Frozen Assets: A Mitzy Neuhaus Mystery,4.525555555555556,B00G9JHGWG
A Storm of Swords,12.315,055389787X
The Collapse of Distinction: Stand Out and Move Up While Your Competition Fails,8.647142857142857,1595551859
Drinking with Dead Women Writers,10.54125,0972822585
JFK Has Been Shot,12.009642857142858,0786034270
Some Girls: My Life in a Harem,10.634193548387097,0452296315
Fallen (Guardian Trilogy #1),8.8384,0615294987
"Go for No! Yes is the Destination, No is How You Get There",9.166666666666666,0966398130
Sworn to Protect (Vows of the Heart Book 1),2.1774999999999998,B009QM8M5I
The Fiddler's Gun (Fin's Revolution: Book I),9.864642857142858,0615325424
Jesus A hell of a secret,4.220769230769231,1479124141
The Dead Years - COLLAPSE - Book 4 (A Post-Apocalyptic Thriller),3.194074074074074,B00JAOM0DW
Dance the Moon Down,27.25,0755206827
Chill of Fear,7.5028125,0553585991
"Good Old Dog: Expert Advice for Keeping Your Aging Dog Happy, Healthy, and Comfortable",10.072083333333333,0547232829
Becoming Sir,9.99,1494748584
Surrender to a Donovan (The Donovans),4.1215789473684215,0373862768
The Playa's Handbook (Players Series),10.806363636363637,0312331789
Manufacturing Depression: The Secret History of a Modern Disease,10.225333333333333,1416569790
You Wish...,2.8649999999999998,B006423HGW
"Why Are We So Clueless about the Stock Market?: Learn how to invest your money, how to pick stocks, and how to make money in the stock market",15.658387096774193,0615287484
"Women Are Crazy, Men Are Stupid: The Simple Truth to a Complicated Relationship",17.393333333333334,1416595058
What a Duke Wants,3.802142857142857,0061986313
Fighting the Impossible,0.99,B00C2G2S7S
"Fairies, Gnomes & Trolls: Create a Fantasy World in Polymer Clay",15.279310344827586,1581808208
The Bargain: A Novel (Plain City Peace),8.276666666666667,082544215X
Son of Truth (Follower of the Word),11.1924,1935929917
Four Blood Moons: Something Is About to Change,10.9825,1613756143
ALL HE DESIRES (Voluptuous Woman Series Book 1),8.031363636363636,B009F0YS7W
Tea Party Teddy,10.504285714285714,0988934906
Healing and Wholeness: Complementary and Alternative Therapies for Mental Health,27.652,1434383377
Seeing Julia,12.323333333333334,0983570736
Cursed: A Fallen Siren Novel,6.5092592592592595,0425263290
Ain't No Sunshine,7.656666666666667,1453772642
Lonely Planet USA (Country Guide),13.071764705882353,1741799007
Why Her?: A Crazy and Twisted Love Story,10.99,1492226017
Executive Actions,11.281428571428572,0743486927
Taunt (Ava Delaney Book 2),0.6220833333333333,B005232SDW
Drop the Rock: Removing Character Defects - Steps Six and Seven,10.916206896551724,1592851614
Surviving Home: A Novel (The Survivalist Series),10.313225806451612,0142181285
Intimate Deception,7.83576923076923,1612184790
The Highlander's Reward,9.659354838709678,147825954X
Kate Remembered,12.214375,0399151648
Timecaster Supersymmetry,11.552727272727273,0985588039
Someday This Pain Will Be Useful to You: A Novel,9.333043478260869,0374309892
The Complete National Geographic: Every Issue Since 1888 Of National Geographic Magazine on Your Computer,16.6665,1426340117
THE LAZARUS STRAIN (A Dr Steven Dunbar Thriller Book 6),7.143928571428572,B0054RBD1Y
Conversations with the Universe: How the World Speaks to Us,10.972142857142858,1590799771
The Birthday Scandal,5.835,1469227878
The Lighthouse Road: A Novel,14.971923076923078,1609530845
Redshirts: A Novel with Three Codas (Hugo Award Winner - Best Novel),9.92,0765316994
Torn (The Connections Series),10.668928571428571,0451468287
Before Now (Sometimes Never),14.821538461538461,149033730X
If God Is Good: Why Do We Hurt?: 10-Pack,12.474285714285715,1601423411
Carrying the Fire: An Astronaut's Journeys,11.55225806451613,0374531943
Saving Anya,10.790000000000001,0983981949
"Boozehound: On the Trail of the Rare, the Obscure, and the Overrated in Spirits",13.267142857142858,1580082882
English Assassin,8.940625,0141038985
The Deader the Better: A Leo Waterman Mystery (Leo Waterman Mysteries),13.252580645161292,0380804204
Shell Game (A Professor Simon Shaw Mystery),7.0864705882352945,0373266359
Discretion,0,1490957928
Love Me Again (Sutton and McDonald Families Book 1),2.5915999999999997,B00HGWT0E2
Occupy World Street: A Global Roadmap for Radical Economic and Political Reform,10.81,1603583882
Timeline (Auto Series),0.99,B0083RL0VA
Survived by Her Longtime Companion,14.655555555555555,1935627880
Major Pettigrew's Last Stand: A Novel,14.942,0307712842
Blood Ties,8.216666666666667,0615805930
Stormdancer (The Lotus War Book One),10.378709677419355,1250001404
Those Guys Have All the Fun: Inside the World of ESPN,12.016875,0316043001
Contaminated,10.283,1606843540
Plants of the Pacific Northwest Coast,17.55,1551055309
No Excuses!: The Power of Self-Discipline,13.532333333333334,1593155824
Straight into Darkness,9.011875,0446530409
A Fair Prospect: Darcy's Dilemma: A Tale of Elizabeth and Darcy: Volume II,9.71904761904762,1482356643
"The Cosmic War: Interplanetary Warfare, Modern Physics, and Ancient Texts: A Study in Non-Catastrophist Interpretations of Ancient Legends",14.111379310344828,1931882754
Douglass' Women,11.913,0743278860
Messenger of the Dark Prophet: The Bowl of Souls: Book Two,9.745454545454546,147829373X
The Normans: From Raiders to Kings,7.546551724137931,B00HOMFRCI
River's Bend,9.65576923076923,1941134017
The Dom's Dungeon,9.348928571428571,0991322207
Daughter of the Red Dawn,8.658888888888889,0988270757
Bad Money: The Inexcusable Failure of American Finance: An Update to Bad Money (A Penguin Group eSpecial from Penguin Books),20.463214285714287,0143114808
The Happy Intercessor,12.02516129032258,0768427533
The Divorce Party: A Novel,10.595625,014311560X
Crack the Fat-Loss Code: Outsmart Your Metabolism and Conquer the Diet Plateau,9.96925925925926,007154691X
The Girl Who Fell from the Sky,21.945,1565126807
OMG (CUL8R) (Volume 1),2.9899999999999998,1481127675
The Best American Noir of the Century (The Best American Series ®),20.84166666666667,0547330774
A Hero for WondLa (The Search for WondLa),10.2396875,1416983120
The Politically Incorrect Guide to the Middle East (The Politically Incorrect Guides),13.826538461538462,1596980516
Peter and the Shadow Thieves,9.7278125,078683787X
Living Deliberately,4.5,1589827716
Attachment Parenting: Instinctive Care for Your Baby and Young Child,12.478214285714285,067102762X
Tempt Me Tonight,10.981250000000001,0061136093
The Raven Saint (Charles Towne Belles),10.881818181818183,1602601585
Boy Who Harnessed the Wind: Creating Currents of Electricity and Hope,10.196428571428571,0061730327
La Casa de los Espíritus (Spanish Edition),12.260689655172413,0060951303
Take the Dog Out!,11.5675,0989787516
"A Guide to Canning, Freezing, Curing & Smoking Meat, Fish & Game",9.297586206896552,1580174574
Veritas,5.726842105263158,B00JF9HC6W
Hammerhead Ranch Motel (Serge Storms),8.2178125,0380732343
A Bride for All Seasons: The Mail Order Bride Collection,7.2749999999999995,1401688535
Secret of the Sands (Secret of the Sands series Book 1),5.104230769230769,B004EEORPW
Starting an Etsy Business For Dummies,10.370000000000001,1118590244
Jumper: Griffin's Story,5.716,076531827X
Heaven and Mel (Kindle Single),7.714545454545455,B0087PTQ96
The Road to Guilford Courthouse: The American Revolution in the Carolinas,14.811071428571429,0471327166
"How to Draw and Paint Fairies: From Finding Inspiration to Capturing Diaphanous Detail, a Step-By-Step Guide to Fairy Art",11.536071428571429,0823023834
Belle De Jour: The Intimate Adventures of a London Call Girl,20.98,0297847821
"Neptune Crossing (The Chaos Chronicles, Vol 1)",11.733846153846153,0812535154
Moving Target (Alison Reynolds),8.236666666666666,1476745005
A Taste of You (The Epicurean Series Book 1),3.2275,B00ED036HC
Liberty Gulch: Part One,8.323333333333334,1478387645
The Devil's Eye: An Alex Benedict Novel,13.432222222222222,0441016359
Dom Wars Round Five,3.1399999999999997,B00KZMICVW
Goodbye to a River: A Narrative,14.58,0375727787
The Duke's Indiscretion (The Duke Trilogy),8.08625,0061128570
Congo,7.483225806451613,0060541830
